{
  "kind": "admin#directory#resources#calendars#calendarResourcesList",
  "etag": "\"rmixSMNjMOxgmLBBZPbjwaNSGuVQmD0eN2juDKNff9g/h0LGSCjTFGQzxgXDga285LzEtEs\"",
  "items": [
    {
      "kind": "admin#directory#resources#calendars#CalendarResource",
      "etags": "\"rmixSMNjMOxgmLBBZPbjwaNSGuVQmD0eN2juDKNff9g/htV8A1rFEVJuSq-ApD5etV_gCZU\"",
      "resourceId": "-43172938440",
      "resourceName": "Salle prinicipale auditorium",
      "generatedResourceName": "Auditorium-0-Salle prinicipale auditorium (300)",
      "resourceDescription": "En face la bibliothèque , capacité de 250 personnes",
      "resourceEmail": "esi.dz_2d3433313732393338343430@resource.calendar.google.com",
      "capacity": 300,
      "buildingId": "Auditorium",
      "floorName": "0",
      "resourceCategory": "CONFERENCE_ROOM"
    },
    {
      "kind": "admin#directory#resources#calendars#CalendarResource",
      "etags": "\"rmixSMNjMOxgmLBBZPbjwaNSGuVQmD0eN2juDKNff9g/dboltG_-JNTAsY8F2MobuJ3ufpQ\"",
      "resourceId": "108083443",
      "resourceName": "Salle Réunion directeur",
      "generatedResourceName": "DG-2-Salle Réunion directeur (20)",
      "resourceEmail": "esi.dz_313038303833343433@resource.calendar.google.com",
      "capacity": 20,
      "buildingId": "Direction-générale",
      "floorName": "2",
      "resourceCategory": "CONFERENCE_ROOM"
    },
    {
      "kind": "admin#directory#resources#calendars#CalendarResource",
      "etags": "\"rmixSMNjMOxgmLBBZPbjwaNSGuVQmD0eN2juDKNff9g/Bz7U2QxBdW5HpTjNDjAMdFLO0SQ\"",
      "resourceId": "10832867948",
      "resourceName": "SCBP",
      "generatedResourceName": "BP-0-SCBP (100)",
      "resourceEmail": "esi.dz_3130383332383637393438@resource.calendar.google.com",
      "capacity": 100,
      "buildingId": "Bloc-pédagogique",
      "floorName": "0",
      "resourceCategory": "CONFERENCE_ROOM"
    },
    {
      "kind": "admin#directory#resources#calendars#CalendarResource",
      "etags": "\"rmixSMNjMOxgmLBBZPbjwaNSGuVQmD0eN2juDKNff9g/GapGE5bQFh0pGq4FBIK167xD2iA\"",
      "resourceId": "14766014978",
      "resourceName": "AP2",
      "generatedResourceName": "DE-0-AP2 (125)",
      "resourceDescription": "capacité de 600 personnes, équipé par  un datashow…",
      "resourceEmail": "esi.dz_3134373636303134393738@resource.calendar.google.com",
      "capacity": 125,
      "buildingId": "Direction-des-études",
      "floorName": "0",
      "resourceCategory": "CONFERENCE_ROOM"
    },
    {
      "kind": "admin#directory#resources#calendars#CalendarResource",
      "etags": "\"rmixSMNjMOxgmLBBZPbjwaNSGuVQmD0eN2juDKNff9g/aknSfwtfHBnpFyeNDvwEp88-zF8\"",
      "resourceId": "23172642267",
      "resourceName": "DPGR-Lab0",
      "generatedResourceName": "DPGR-0-DPGR-Lab0 (50)",
      "resourceEmail": "esi.dz_3233313732363432323637@resource.calendar.google.com",
      "capacity": 50,
      "buildingId": "DPGR",
      "floorName": "0",
      "resourceCategory": "CONFERENCE_ROOM"
    },
    {
      "kind": "admin#directory#resources#calendars#CalendarResource",
      "etags": "\"rmixSMNjMOxgmLBBZPbjwaNSGuVQmD0eN2juDKNff9g/MPK8oxmHVa4bzITutoM44Qg7dfM\"",
      "resourceId": "23262961156",
      "resourceName": "S9",
      "generatedResourceName": "DE-0-S9 (25)",
      "resourceEmail": "esi.dz_3233323632393631313536@resource.calendar.google.com",
      "capacity": 25,
      "buildingId": "Direction-des-études",
      "floorName": "0",
      "resourceCategory": "CONFERENCE_ROOM"
    },
    {
      "kind": "admin#directory#resources#calendars#CalendarResource",
      "etags": "\"rmixSMNjMOxgmLBBZPbjwaNSGuVQmD0eN2juDKNff9g/kVTR7QFTdfCh1mVdX5WbXFxPguo\"",
      "resourceId": "23293273219",
      "resourceName": "DPGR-Lab1",
      "generatedResourceName": "DPGR-0-DPGR-Lab1 (50)",
      "resourceEmail": "esi.dz_3233323933323733323139@resource.calendar.google.com",
      "capacity": 50,
      "buildingId": "DPGR",
      "floorName": "0",
      "resourceCategory": "CONFERENCE_ROOM"
    },
    {
      "kind": "admin#directory#resources#calendars#CalendarResource",
      "etags": "\"rmixSMNjMOxgmLBBZPbjwaNSGuVQmD0eN2juDKNff9g/2deoQRWIV1hY7niFMaQJ-FuAKpU\"",
      "resourceId": "23311034459",
      "resourceName": "DPGR-Lab2",
      "generatedResourceName": "DPGR-0-DPGR-Lab2 (50)",
      "resourceEmail": "esi.dz_3233333131303334343539@resource.calendar.google.com",
      "capacity": 50,
      "buildingId": "DPGR",
      "floorName": "0",
      "resourceCategory": "CONFERENCE_ROOM"
    },
    {
      "kind": "admin#directory#resources#calendars#CalendarResource",
      "etags": "\"rmixSMNjMOxgmLBBZPbjwaNSGuVQmD0eN2juDKNff9g/_KETn0VgOhYnuznHiRYsOxNtHhM\"",
      "resourceId": "23352210981",
      "resourceName": "S8",
      "generatedResourceName": "DE-0-S8 (25)",
      "resourceEmail": "esi.dz_3233333532323130393831@resource.calendar.google.com",
      "capacity": 25,
      "buildingId": "Direction-des-études",
      "floorName": "0",
      "resourceCategory": "CONFERENCE_ROOM"
    },
    {
      "kind": "admin#directory#resources#calendars#CalendarResource",
      "etags": "\"rmixSMNjMOxgmLBBZPbjwaNSGuVQmD0eN2juDKNff9g/ctpxWBLjkc_FiFmCFVheWi2BqZo\"",
      "resourceId": "23437692985",
      "resourceName": "S7",
      "generatedResourceName": "DE-0-S7 (25)",
      "resourceEmail": "esi.dz_3233343337363932393835@resource.calendar.google.com",
      "capacity": 25,
      "buildingId": "Direction-des-études",
      "floorName": "0",
      "resourceCategory": "CONFERENCE_ROOM"
    },
    {
      "kind": "admin#directory#resources#calendars#CalendarResource",
      "etags": "\"rmixSMNjMOxgmLBBZPbjwaNSGuVQmD0eN2juDKNff9g/vgChItE5y7Jp7Uh22Crb4Kv9uSQ\"",
      "resourceId": "23525385576",
      "resourceName": "S6",
      "generatedResourceName": "DE-0-S6 (30)",
      "resourceEmail": "esi.dz_3233353235333835353736@resource.calendar.google.com",
      "capacity": 30,
      "buildingId": "Direction-des-études",
      "floorName": "0",
      "resourceCategory": "CONFERENCE_ROOM"
    },
    {
      "kind": "admin#directory#resources#calendars#CalendarResource",
      "etags": "\"rmixSMNjMOxgmLBBZPbjwaNSGuVQmD0eN2juDKNff9g/yZVV8zbtXb62RRfS04KaeRHRe2o\"",
      "resourceId": "23610850145",
      "resourceName": "S5",
      "generatedResourceName": "DE-0-S5 (30)",
      "resourceEmail": "esi.dz_3233363130383530313435@resource.calendar.google.com",
      "capacity": 30,
      "buildingId": "Direction-des-études",
      "floorName": "0",
      "resourceCategory": "CONFERENCE_ROOM"
    },
    {
      "kind": "admin#directory#resources#calendars#CalendarResource",
      "etags": "\"rmixSMNjMOxgmLBBZPbjwaNSGuVQmD0eN2juDKNff9g/FtqAc5x1NFBtGIaG7qqFhk2po58\"",
      "resourceId": "304184868",
      "resourceName": "S21",
      "generatedResourceName": "DE-0-S21 (25)",
      "resourceEmail": "esi.dz_333034313834383638@resource.calendar.google.com",
      "capacity": 25,
      "buildingId": "Direction-des-études",
      "floorName": "0",
      "resourceCategory": "CONFERENCE_ROOM"
    },
    {
      "kind": "admin#directory#resources#calendars#CalendarResource",
      "etags": "\"rmixSMNjMOxgmLBBZPbjwaNSGuVQmD0eN2juDKNff9g/M4n8c1uMo6MO1qSmTRu6zXWNXkg\"",
      "resourceId": "31672922",
      "resourceName": "Salle réunion / cours",
      "generatedResourceName": "Auditorium-0-Salle réunion / cours (40)",
      "resourceEmail": "esi.dz_3331363732393232@resource.calendar.google.com",
      "capacity": 40,
      "buildingId": "Auditorium",
      "floorName": "0",
      "resourceCategory": "CONFERENCE_ROOM"
    },
    {
      "kind": "admin#directory#resources#calendars#CalendarResource",
      "etags": "\"rmixSMNjMOxgmLBBZPbjwaNSGuVQmD0eN2juDKNff9g/eqMXZz3Ka8qjDmSsjdRTDhcIApU\"",
      "resourceId": "3563968104",
      "resourceName": "M5",
      "generatedResourceName": "BP-0-M5 (25)",
      "resourceEmail": "esi.dz_33353633393638313034@resource.calendar.google.com",
      "capacity": 25,
      "buildingId": "Bloc-pédagogique",
      "floorName": "0",
      "resourceCategory": "CONFERENCE_ROOM"
    },
    {
      "kind": "admin#directory#resources#calendars#CalendarResource",
      "etags": "\"rmixSMNjMOxgmLBBZPbjwaNSGuVQmD0eN2juDKNff9g/0gJjxqoxy6rMbxnGfcSRwwBCNDs\"",
      "resourceId": "3810545561",
      "resourceName": "CP9",
      "generatedResourceName": "DE-0-CP9 (25)",
      "resourceEmail": "esi.dz_33383130353435353631@resource.calendar.google.com",
      "capacity": 25,
      "buildingId": "Direction-des-études",
      "floorName": "0",
      "resourceCategory": "CONFERENCE_ROOM"
    },
    {
      "kind": "admin#directory#resources#calendars#CalendarResource",
      "etags": "\"rmixSMNjMOxgmLBBZPbjwaNSGuVQmD0eN2juDKNff9g/NAxmmMAv6o0LaBUzZYfCeRkkPzw\"",
      "resourceId": "38390412407",
      "resourceName": "M6",
      "generatedResourceName": "BP-0-M6 (25)",
      "resourceEmail": "esi.dz_3338333930343132343037@resource.calendar.google.com",
      "capacity": 25,
      "buildingId": "Bloc-pédagogique",
      "floorName": "0",
      "resourceCategory": "CONFERENCE_ROOM"
    },
    {
      "kind": "admin#directory#resources#calendars#CalendarResource",
      "etags": "\"rmixSMNjMOxgmLBBZPbjwaNSGuVQmD0eN2juDKNff9g/xq5SkF1bp7TgGN4yPf37dPJRvx8\"",
      "resourceId": "39482369926",
      "resourceName": "Salle 2éme étage",
      "generatedResourceName": "BIB-1-Salle 2éme étage (150)",
      "resourceEmail": "esi.dz_3339343832333639393236@resource.calendar.google.com",
      "capacity": 150,
      "buildingId": "Bibliothèque",
      "floorName": "1",
      "resourceCategory": "CONFERENCE_ROOM"
    },
    {
      "kind": "admin#directory#resources#calendars#CalendarResource",
      "etags": "\"rmixSMNjMOxgmLBBZPbjwaNSGuVQmD0eN2juDKNff9g/PBqRVILFjEZJogbD8gWh45R4xpE\"",
      "resourceId": "39698298612",
      "resourceName": "MC",
      "generatedResourceName": "DPGR-0-MC (30)",
      "resourceEmail": "esi.dz_3339363938323938363132@resource.calendar.google.com",
      "capacity": 30,
      "buildingId": "DPGR",
      "floorName": "0",
      "resourceCategory": "CONFERENCE_ROOM"
    },
    {
      "kind": "admin#directory#resources#calendars#CalendarResource",
      "etags": "\"rmixSMNjMOxgmLBBZPbjwaNSGuVQmD0eN2juDKNff9g/54YVTgKeIV5bIWBZeSH5qW0UuEI\"",
      "resourceId": "3989126515",
      "resourceName": "ME",
      "generatedResourceName": "BP-0-ME (25)",
      "resourceEmail": "esi.dz_33393839313236353135@resource.calendar.google.com",
      "capacity": 25,
      "buildingId": "Bloc-pédagogique",
      "floorName": "0",
      "resourceCategory": "CONFERENCE_ROOM"
    },
    {
      "kind": "admin#directory#resources#calendars#CalendarResource",
      "etags": "\"rmixSMNjMOxgmLBBZPbjwaNSGuVQmD0eN2juDKNff9g/lJcYKOS80MrXUAk1u8E1QV18w_s\"",
      "resourceId": "399666221",
      "resourceName": "CP8",
      "generatedResourceName": "DE-0-CP8 (25)",
      "resourceEmail": "esi.dz_333939363636323231@resource.calendar.google.com",
      "capacity": 25,
      "buildingId": "Direction-des-études",
      "floorName": "0",
      "resourceCategory": "CONFERENCE_ROOM"
    },
    {
      "kind": "admin#directory#resources#calendars#CalendarResource",
      "etags": "\"rmixSMNjMOxgmLBBZPbjwaNSGuVQmD0eN2juDKNff9g/GQ4Dwk32dTj5eV5lv21ji4ewojY\"",
      "resourceId": "4014460690",
      "resourceName": "MH",
      "generatedResourceName": "BP-0-MH (25)",
      "resourceEmail": "esi.dz_34303134343630363930@resource.calendar.google.com",
      "capacity": 25,
      "buildingId": "Bloc-pédagogique",
      "floorName": "0",
      "resourceCategory": "CONFERENCE_ROOM"
    },
    {
      "kind": "admin#directory#resources#calendars#CalendarResource",
      "etags": "\"rmixSMNjMOxgmLBBZPbjwaNSGuVQmD0eN2juDKNff9g/wg6KyNTq0GLsMzeqmL_YFBF0eSA\"",
      "resourceId": "4084544430",
      "resourceName": "CP7",
      "generatedResourceName": "DE-0-CP7 (25)",
      "resourceEmail": "esi.dz_34303834353434343330@resource.calendar.google.com",
      "capacity": 25,
      "buildingId": "Direction-des-études",
      "floorName": "0",
      "resourceCategory": "CONFERENCE_ROOM"
    },
    {
      "kind": "admin#directory#resources#calendars#CalendarResource",
      "etags": "\"rmixSMNjMOxgmLBBZPbjwaNSGuVQmD0eN2juDKNff9g/3x0MDxNZLl88397Fq8nmTvs32DA\"",
      "resourceId": "4172396386",
      "resourceName": "CP6",
      "generatedResourceName": "DE-0-CP6 (25)",
      "resourceEmail": "esi.dz_34313732333936333836@resource.calendar.google.com",
      "capacity": 25,
      "buildingId": "Direction-des-études",
      "floorName": "0",
      "resourceCategory": "CONFERENCE_ROOM"
    },
    {
      "kind": "admin#directory#resources#calendars#CalendarResource",
      "etags": "\"rmixSMNjMOxgmLBBZPbjwaNSGuVQmD0eN2juDKNff9g/lYEXL6yEd9uYzrJl6IEuBRdri2Y\"",
      "resourceId": "43175888401",
      "resourceName": "Local shellmates",
      "generatedResourceName": "Clubs-1-Local shellmates (40)",
      "resourceEmail": "esi.dz_3433313735383838343031@resource.calendar.google.com",
      "capacity": 40,
      "buildingId": "Clubs",
      "floorName": "1",
      "resourceCategory": "CONFERENCE_ROOM"
    },
    {
      "kind": "admin#directory#resources#calendars#CalendarResource",
      "etags": "\"rmixSMNjMOxgmLBBZPbjwaNSGuVQmD0eN2juDKNff9g/rkZYrmmUc_DQX1hu47SeJ1LmQ3w\"",
      "resourceId": "4349662509",
      "resourceName": "CP4",
      "generatedResourceName": "DE-0-CP4 (25)",
      "resourceEmail": "esi.dz_34333439363632353039@resource.calendar.google.com",
      "capacity": 25,
      "buildingId": "Direction-des-études",
      "floorName": "0",
      "resourceCategory": "CONFERENCE_ROOM"
    },
    {
      "kind": "admin#directory#resources#calendars#CalendarResource",
      "etags": "\"rmixSMNjMOxgmLBBZPbjwaNSGuVQmD0eN2juDKNff9g/mJk28U5j5J6hoz4uk8KAkgIl3pE\"",
      "resourceId": "4439839188",
      "resourceName": "CP3",
      "generatedResourceName": "DE-0-CP3 (25)",
      "resourceEmail": "esi.dz_34343339383339313838@resource.calendar.google.com",
      "capacity": 25,
      "buildingId": "Direction-des-études",
      "floorName": "0",
      "resourceCategory": "CONFERENCE_ROOM"
    },
    {
      "kind": "admin#directory#resources#calendars#CalendarResource",
      "etags": "\"rmixSMNjMOxgmLBBZPbjwaNSGuVQmD0eN2juDKNff9g/VVD8ACrirJV4_5Jju8usEDsbZcM\"",
      "resourceId": "4517547467",
      "resourceName": "CP5",
      "generatedResourceName": "DE-0-CP5 (25)",
      "resourceEmail": "esi.dz_34353137353437343637@resource.calendar.google.com",
      "capacity": 25,
      "buildingId": "Direction-des-études",
      "floorName": "0",
      "resourceCategory": "CONFERENCE_ROOM"
    },
    {
      "kind": "admin#directory#resources#calendars#CalendarResource",
      "etags": "\"rmixSMNjMOxgmLBBZPbjwaNSGuVQmD0eN2juDKNff9g/BjS0PmU_3VBb3iNZs9v0N-6DCic\"",
      "resourceId": "4529754568",
      "resourceName": "CP2",
      "generatedResourceName": "DE-0-CP2 (25)",
      "resourceEmail": "esi.dz_34353239373534353638@resource.calendar.google.com",
      "capacity": 25,
      "buildingId": "Direction-des-études",
      "floorName": "0",
      "resourceCategory": "CONFERENCE_ROOM"
    },
    {
      "kind": "admin#directory#resources#calendars#CalendarResource",
      "etags": "\"rmixSMNjMOxgmLBBZPbjwaNSGuVQmD0eN2juDKNff9g/UilAmyddKZ6co7eERLZSt73fyRY\"",
      "resourceId": "466971612",
      "resourceName": "CP1",
      "generatedResourceName": "DE-0-CP1 (25)",
      "resourceEmail": "esi.dz_343636393731363132@resource.calendar.google.com",
      "capacity": 25,
      "buildingId": "Direction-des-études",
      "floorName": "0",
      "resourceCategory": "CONFERENCE_ROOM"
    },
    {
      "kind": "admin#directory#resources#calendars#CalendarResource",
      "etags": "\"rmixSMNjMOxgmLBBZPbjwaNSGuVQmD0eN2juDKNff9g/Hsjt5hwpEHquI4bmhKtscj6tOqg\"",
      "resourceId": "4688032117",
      "resourceName": "Salle de sport",
      "generatedResourceName": "BP-0-Salle de sport (60)",
      "resourceEmail": "esi.dz_34363838303332313137@resource.calendar.google.com",
      "capacity": 60,
      "buildingId": "Bloc-pédagogique",
      "floorName": "0",
      "resourceCategory": "CONFERENCE_ROOM"
    },
    {
      "kind": "admin#directory#resources#calendars#CalendarResource",
      "etags": "\"rmixSMNjMOxgmLBBZPbjwaNSGuVQmD0eN2juDKNff9g/1C9KPIL5GgbnElpmYith4dN3RW4\"",
      "resourceId": "47232882956",
      "resourceName": "DPGR1",
      "generatedResourceName": "DPGR-0-DPGR1 (25)",
      "resourceEmail": "esi.dz_3437323332383832393536@resource.calendar.google.com",
      "capacity": 25,
      "buildingId": "DPGR",
      "floorName": "0",
      "resourceCategory": "CONFERENCE_ROOM"
    },
    {
      "kind": "admin#directory#resources#calendars#CalendarResource",
      "etags": "\"rmixSMNjMOxgmLBBZPbjwaNSGuVQmD0eN2juDKNff9g/IgEQvJpgfXm9FArPoY7wPGnYssw\"",
      "resourceId": "4739637996",
      "resourceName": "DPGR2",
      "generatedResourceName": "DPGR-0-DPGR2 (30)",
      "resourceEmail": "esi.dz_34373339363337393936@resource.calendar.google.com",
      "capacity": 30,
      "buildingId": "DPGR",
      "floorName": "0",
      "resourceCategory": "CONFERENCE_ROOM"
    },
    {
      "kind": "admin#directory#resources#calendars#CalendarResource",
      "etags": "\"rmixSMNjMOxgmLBBZPbjwaNSGuVQmD0eN2juDKNff9g/7MmvflPUdCk593hrBv6hcmV1YOE\"",
      "resourceId": "49632464174",
      "resourceName": "Salle formation 2",
      "generatedResourceName": "Auditorium-1-Salle formation 2 (20)",
      "resourceEmail": "esi.dz_3439363332343634313734@resource.calendar.google.com",
      "capacity": 20,
      "buildingId": "Auditorium",
      "floorName": "1",
      "resourceCategory": "CONFERENCE_ROOM"
    },
    {
      "kind": "admin#directory#resources#calendars#CalendarResource",
      "etags": "\"rmixSMNjMOxgmLBBZPbjwaNSGuVQmD0eN2juDKNff9g/BeZZcgdi1IuS4Re3AIPnMin-2kk\"",
      "resourceId": "50926158632",
      "resourceName": "Salle doctorants LMCS",
      "generatedResourceName": "Laboratoire-2-Salle doctorants LMCS (30)",
      "resourceEmail": "esi.dz_3530393236313538363332@resource.calendar.google.com",
      "capacity": 30,
      "buildingId": "Laboratoire",
      "floorName": "2",
      "resourceCategory": "CONFERENCE_ROOM"
    },
    {
      "kind": "admin#directory#resources#calendars#CalendarResource",
      "etags": "\"rmixSMNjMOxgmLBBZPbjwaNSGuVQmD0eN2juDKNff9g/9D5BoxQwnAnU0NusJ9IKuc1Idio\"",
      "resourceId": "5176075846",
      "resourceName": "S20",
      "generatedResourceName": "DE-0-S20 (25)",
      "resourceEmail": "esi.dz_35313736303735383436@resource.calendar.google.com",
      "capacity": 25,
      "buildingId": "Direction-des-études",
      "floorName": "0",
      "resourceCategory": "CONFERENCE_ROOM"
    },
    {
      "kind": "admin#directory#resources#calendars#CalendarResource",
      "etags": "\"rmixSMNjMOxgmLBBZPbjwaNSGuVQmD0eN2juDKNff9g/qPZ8vY-8BlmHZwsEKjQzT6A-oys\"",
      "resourceId": "53247076943",
      "resourceName": "Salle réunion LCSI",
      "generatedResourceName": "Laboratoire-1-Salle réunion LCSI (30)",
      "resourceEmail": "esi.dz_3533323437303736393433@resource.calendar.google.com",
      "capacity": 30,
      "buildingId": "Laboratoire",
      "floorName": "1",
      "resourceCategory": "CONFERENCE_ROOM"
    },
    {
      "kind": "admin#directory#resources#calendars#CalendarResource",
      "etags": "\"rmixSMNjMOxgmLBBZPbjwaNSGuVQmD0eN2juDKNff9g/t6m5K1zXBXp4mjmUB1YmfHDx95I\"",
      "resourceId": "5394170391",
      "resourceName": "DG0",
      "generatedResourceName": "DG-0-DG0 (30)",
      "resourceEmail": "esi.dz_188ao7ncjdlhmjgqiqk90t6otbflo6ga6kpjid1h6so36e9h@resource.calendar.google.com",
      "capacity": 30,
      "buildingId": "Direction-générale",
      "floorName": "0",
      "resourceCategory": "CONFERENCE_ROOM"
    },
    {
      "kind": "admin#directory#resources#calendars#CalendarResource",
      "etags": "\"rmixSMNjMOxgmLBBZPbjwaNSGuVQmD0eN2juDKNff9g/09lQV7XtGtTJJGWnFRHsklaJF7A\"",
      "resourceId": "5398474041",
      "resourceName": "S19",
      "generatedResourceName": "DE-0-S19 (25)",
      "resourceEmail": "esi.dz_35333938343734303431@resource.calendar.google.com",
      "capacity": 25,
      "buildingId": "Direction-des-études",
      "floorName": "0",
      "resourceCategory": "CONFERENCE_ROOM"
    },
    {
      "kind": "admin#directory#resources#calendars#CalendarResource",
      "etags": "\"rmixSMNjMOxgmLBBZPbjwaNSGuVQmD0eN2juDKNff9g/snJlxJGLGNGg2HOpU_AxwkT9ZPY\"",
      "resourceId": "5408925428",
      "resourceName": "S18",
      "generatedResourceName": "DE-0-S18 (25)",
      "resourceEmail": "esi.dz_35343038393235343238@resource.calendar.google.com",
      "capacity": 25,
      "buildingId": "Direction-des-études",
      "floorName": "0",
      "resourceCategory": "CONFERENCE_ROOM"
    },
    {
      "kind": "admin#directory#resources#calendars#CalendarResource",
      "etags": "\"rmixSMNjMOxgmLBBZPbjwaNSGuVQmD0eN2juDKNff9g/kyDBLRARvzcQS-cj08Zpc5MYNYQ\"",
      "resourceId": "54175984936",
      "resourceName": "S17",
      "generatedResourceName": "DE-0-S17 (50)",
      "resourceEmail": "esi.dz_3534313735393834393336@resource.calendar.google.com",
      "capacity": 50,
      "buildingId": "Direction-des-études",
      "floorName": "0",
      "resourceCategory": "CONFERENCE_ROOM"
    },
    {
      "kind": "admin#directory#resources#calendars#CalendarResource",
      "etags": "\"rmixSMNjMOxgmLBBZPbjwaNSGuVQmD0eN2juDKNff9g/B0EVa__yGiwFky9hS_HIJixZw3o\"",
      "resourceId": "54262639637",
      "resourceName": "S16",
      "generatedResourceName": "DE-0-S16 (50)",
      "resourceEmail": "esi.dz_3534323632363339363337@resource.calendar.google.com",
      "capacity": 50,
      "buildingId": "Direction-des-études",
      "floorName": "0",
      "resourceCategory": "CONFERENCE_ROOM"
    },
    {
      "kind": "admin#directory#resources#calendars#CalendarResource",
      "etags": "\"rmixSMNjMOxgmLBBZPbjwaNSGuVQmD0eN2juDKNff9g/zyOgpyqy0Noy022_Oyz6w9-H0_4\"",
      "resourceId": "54351566769",
      "resourceName": "S15",
      "generatedResourceName": "DE-0-S15 (50)",
      "resourceEmail": "esi.dz_3534333531353636373639@resource.calendar.google.com",
      "capacity": 50,
      "buildingId": "Direction-des-études",
      "floorName": "0",
      "resourceCategory": "CONFERENCE_ROOM"
    },
    {
      "kind": "admin#directory#resources#calendars#CalendarResource",
      "etags": "\"rmixSMNjMOxgmLBBZPbjwaNSGuVQmD0eN2juDKNff9g/7C6lYmvmskxmDNhxRyrAY0sf7A0\"",
      "resourceId": "54530535620",
      "resourceName": "S13",
      "generatedResourceName": "DE-0-S13 (25)",
      "resourceEmail": "esi.dz_3534353330353335363230@resource.calendar.google.com",
      "capacity": 25,
      "buildingId": "Direction-des-études",
      "floorName": "0",
      "resourceCategory": "CONFERENCE_ROOM"
    },
    {
      "kind": "admin#directory#resources#calendars#CalendarResource",
      "etags": "\"rmixSMNjMOxgmLBBZPbjwaNSGuVQmD0eN2juDKNff9g/MBzitSP35LVKbuU31NBndU3vqb8\"",
      "resourceId": "54617891349",
      "resourceName": "S14",
      "generatedResourceName": "DE-0-S14 (25)",
      "resourceEmail": "esi.dz_3534363137383931333439@resource.calendar.google.com",
      "capacity": 25,
      "buildingId": "Direction-des-études",
      "floorName": "0",
      "resourceCategory": "CONFERENCE_ROOM"
    },
    {
      "kind": "admin#directory#resources#calendars#CalendarResource",
      "etags": "\"rmixSMNjMOxgmLBBZPbjwaNSGuVQmD0eN2juDKNff9g/JRbCLcFjf8FjaMKFLwOg1xqI08E\"",
      "resourceId": "546542927",
      "resourceName": "S12",
      "generatedResourceName": "DE-0-S12 (25)",
      "resourceEmail": "esi.dz_353436353432393237@resource.calendar.google.com",
      "capacity": 25,
      "buildingId": "Direction-des-études",
      "floorName": "0",
      "resourceCategory": "CONFERENCE_ROOM"
    },
    {
      "kind": "admin#directory#resources#calendars#CalendarResource",
      "etags": "\"rmixSMNjMOxgmLBBZPbjwaNSGuVQmD0eN2juDKNff9g/8lp1PkyRnZUoVQH-uLn8Qc63HWY\"",
      "resourceId": "54794925991",
      "resourceName": "S11",
      "generatedResourceName": "DE-0-S11 (25)",
      "resourceEmail": "esi.dz_3534373934393235393931@resource.calendar.google.com",
      "capacity": 25,
      "buildingId": "Direction-des-études",
      "floorName": "0",
      "resourceCategory": "CONFERENCE_ROOM"
    },
    {
      "kind": "admin#directory#resources#calendars#CalendarResource",
      "etags": "\"rmixSMNjMOxgmLBBZPbjwaNSGuVQmD0eN2juDKNff9g/jSa60iWNgKKS1AuLVBBeL0yfLek\"",
      "resourceId": "548795470",
      "resourceName": "S10",
      "generatedResourceName": "DE-0-S10 (25)",
      "resourceEmail": "esi.dz_353438373935343730@resource.calendar.google.com",
      "capacity": 25,
      "buildingId": "Direction-des-études",
      "floorName": "0",
      "resourceCategory": "CONFERENCE_ROOM"
    },
    {
      "kind": "admin#directory#resources#calendars#CalendarResource",
      "etags": "\"rmixSMNjMOxgmLBBZPbjwaNSGuVQmD0eN2juDKNff9g/QwqOMwVGnWy3GFIZ0w58xZwBtDI\"",
      "resourceId": "55038237931",
      "resourceName": "Local CSE",
      "generatedResourceName": "Clubs-1-Local CSE (40)",
      "resourceEmail": "esi.dz_3535303338323337393331@resource.calendar.google.com",
      "capacity": 40,
      "buildingId": "Clubs",
      "floorName": "1",
      "resourceCategory": "CONFERENCE_ROOM"
    },
    {
      "kind": "admin#directory#resources#calendars#CalendarResource",
      "etags": "\"rmixSMNjMOxgmLBBZPbjwaNSGuVQmD0eN2juDKNff9g/FrXVXFWIHvX2J-yxoj9kcw2xDgQ\"",
      "resourceId": "56350206557",
      "resourceName": "Salle de réunion DPGR",
      "generatedResourceName": "Laboratoire-0-Salle de réunion DPGR (30)",
      "resourceEmail": "esi.dz_3536333530323036353537@resource.calendar.google.com",
      "capacity": 30,
      "buildingId": "Laboratoire",
      "floorName": "0",
      "resourceCategory": "CONFERENCE_ROOM"
    },
    {
      "kind": "admin#directory#resources#calendars#CalendarResource",
      "etags": "\"rmixSMNjMOxgmLBBZPbjwaNSGuVQmD0eN2juDKNff9g/p1P2h8UI4tFIngn39iHV1D4pRHs\"",
      "resourceId": "5827638372",
      "resourceName": "S4B",
      "generatedResourceName": "DE-0-S4B (30)",
      "resourceEmail": "esi.dz_35383237363338333732@resource.calendar.google.com",
      "capacity": 30,
      "buildingId": "Direction-des-études",
      "floorName": "0",
      "resourceCategory": "CONFERENCE_ROOM"
    },
    {
      "kind": "admin#directory#resources#calendars#CalendarResource",
      "etags": "\"rmixSMNjMOxgmLBBZPbjwaNSGuVQmD0eN2juDKNff9g/iqwbqPNm0kF8rTKjC1C-Uh4fUWk\"",
      "resourceId": "58320139541",
      "resourceName": "S4",
      "generatedResourceName": "DE-0-S4 (25)",
      "resourceEmail": "esi.dz_3538333230313339353431@resource.calendar.google.com",
      "capacity": 25,
      "buildingId": "Direction-des-études",
      "floorName": "0",
      "resourceCategory": "CONFERENCE_ROOM"
    },
    {
      "kind": "admin#directory#resources#calendars#CalendarResource",
      "etags": "\"rmixSMNjMOxgmLBBZPbjwaNSGuVQmD0eN2juDKNff9g/a2PnBmfmhr5V3608TpX-b7cF6vk\"",
      "resourceId": "58681752",
      "resourceName": "Salle réunion enseignants",
      "generatedResourceName": "DE-0-Salle réunion enseignants (40)",
      "resourceEmail": "esi.dz_3538363831373532@resource.calendar.google.com",
      "capacity": 40,
      "buildingId": "Direction-des-études",
      "floorName": "0",
      "resourceCategory": "CONFERENCE_ROOM"
    },
    {
      "kind": "admin#directory#resources#calendars#CalendarResource",
      "etags": "\"rmixSMNjMOxgmLBBZPbjwaNSGuVQmD0eN2juDKNff9g/uqYOwo_Uj7EXSUwQsOolf8krIzY\"",
      "resourceId": "6335562800",
      "resourceName": "Salle doctorants LCSI",
      "generatedResourceName": "Laboratoire-1-Salle doctorants LCSI (20)",
      "resourceEmail": "esi.dz_36333335353632383030@resource.calendar.google.com",
      "capacity": 20,
      "buildingId": "Laboratoire",
      "floorName": "1",
      "resourceCategory": "CONFERENCE_ROOM"
    },
    {
      "kind": "admin#directory#resources#calendars#CalendarResource",
      "etags": "\"rmixSMNjMOxgmLBBZPbjwaNSGuVQmD0eN2juDKNff9g/rDoQpBqpDLtGkn5wpd_V1TOEdTM\"",
      "resourceId": "63665803185",
      "resourceName": "AP1",
      "generatedResourceName": "DE-0-AP1 (125)",
      "resourceEmail": "esi.dz_3633363635383033313835@resource.calendar.google.com",
      "capacity": 125,
      "buildingId": "Direction-des-études",
      "floorName": "0",
      "resourceCategory": "CONFERENCE_ROOM"
    },
    {
      "kind": "admin#directory#resources#calendars#CalendarResource",
      "etags": "\"rmixSMNjMOxgmLBBZPbjwaNSGuVQmD0eN2juDKNff9g/3930jHDawsPKoGO3kp6GIVY8_7o\"",
      "resourceId": "64830994139",
      "resourceName": "M4",
      "generatedResourceName": "BP-1-M4 (25)",
      "resourceEmail": "esi.dz_3634383330393934313339@resource.calendar.google.com",
      "capacity": 25,
      "buildingId": "Bloc-pédagogique",
      "floorName": "1",
      "resourceCategory": "CONFERENCE_ROOM"
    },
    {
      "kind": "admin#directory#resources#calendars#CalendarResource",
      "etags": "\"rmixSMNjMOxgmLBBZPbjwaNSGuVQmD0eN2juDKNff9g/3S2Iny1xpYiB44ccV9wAF8asEP4\"",
      "resourceId": "649800143",
      "resourceName": "M3",
      "generatedResourceName": "BP-1-M3 (25)",
      "resourceEmail": "esi.dz_363439383030313433@resource.calendar.google.com",
      "capacity": 25,
      "buildingId": "Bloc-pédagogique",
      "floorName": "1",
      "resourceCategory": "CONFERENCE_ROOM"
    },
    {
      "kind": "admin#directory#resources#calendars#CalendarResource",
      "etags": "\"rmixSMNjMOxgmLBBZPbjwaNSGuVQmD0eN2juDKNff9g/Q6OinWQ2VIB0TCNFHCelRmm8k8w\"",
      "resourceId": "65074656686",
      "resourceName": "M2",
      "generatedResourceName": "BP-1-M2 (25)",
      "resourceEmail": "esi.dz_3635303734363536363836@resource.calendar.google.com",
      "capacity": 25,
      "buildingId": "Bloc-pédagogique",
      "floorName": "1",
      "resourceCategory": "CONFERENCE_ROOM"
    },
    {
      "kind": "admin#directory#resources#calendars#CalendarResource",
      "etags": "\"rmixSMNjMOxgmLBBZPbjwaNSGuVQmD0eN2juDKNff9g/gl-dLpbRVFPmNulNkl2fMfw33Oo\"",
      "resourceId": "65186726176",
      "resourceName": "M1",
      "generatedResourceName": "BP-0-M1 (25)",
      "resourceEmail": "esi.dz_3635313836373236313736@resource.calendar.google.com",
      "capacity": 25,
      "buildingId": "Bloc-pédagogique",
      "floorName": "0",
      "resourceCategory": "CONFERENCE_ROOM"
    },
    {
      "kind": "admin#directory#resources#calendars#CalendarResource",
      "etags": "\"rmixSMNjMOxgmLBBZPbjwaNSGuVQmD0eN2juDKNff9g/5yWPloQqLqC_b6fuy2BzytVdQlQ\"",
      "resourceId": "6527641448",
      "resourceName": "Salle Innovation-lab",
      "generatedResourceName": "DG-0-Salle Innovation-lab (40)",
      "resourceEmail": "esi.dz_36353237363431343438@resource.calendar.google.com",
      "capacity": 40,
      "buildingId": "Direction-générale",
      "floorName": "0",
      "resourceCategory": "CONFERENCE_ROOM"
    },
    {
      "kind": "admin#directory#resources#calendars#CalendarResource",
      "etags": "\"rmixSMNjMOxgmLBBZPbjwaNSGuVQmD0eN2juDKNff9g/JpFQY5h3sZ8QMkPgpYtQaPd2D9w\"",
      "resourceId": "68046258997",
      "resourceName": "A1",
      "generatedResourceName": "DE-0-A1 (100)",
      "resourceEmail": "esi.dz_3638303436323538393937@resource.calendar.google.com",
      "capacity": 100,
      "buildingId": "Direction-des-études",
      "floorName": "0",
      "resourceCategory": "CONFERENCE_ROOM"
    },
    {
      "kind": "admin#directory#resources#calendars#CalendarResource",
      "etags": "\"rmixSMNjMOxgmLBBZPbjwaNSGuVQmD0eN2juDKNff9g/9Fkne3zjMdbuL8wZmmaK3HaxMfs\"",
      "resourceId": "68172081-135",
      "resourceName": "A2",
      "generatedResourceName": "DE-0-A2 (100)",
      "resourceEmail": "esi.dz_36383137323038312d313335@resource.calendar.google.com",
      "capacity": 100,
      "buildingId": "Direction-des-études",
      "floorName": "0",
      "resourceCategory": "CONFERENCE_ROOM"
    },
    {
      "kind": "admin#directory#resources#calendars#CalendarResource",
      "etags": "\"rmixSMNjMOxgmLBBZPbjwaNSGuVQmD0eN2juDKNff9g/OezyN2ZJOpwwfxXWFBFZSM1l8lI\"",
      "resourceId": "68294832-729",
      "resourceName": "A3",
      "generatedResourceName": "DE-0-A3 (100)",
      "resourceEmail": "esi.dz_36383239343833322d373239@resource.calendar.google.com",
      "capacity": 100,
      "buildingId": "Direction-des-études",
      "floorName": "0",
      "resourceCategory": "CONFERENCE_ROOM"
    },
    {
      "kind": "admin#directory#resources#calendars#CalendarResource",
      "etags": "\"rmixSMNjMOxgmLBBZPbjwaNSGuVQmD0eN2juDKNff9g/JZcLKY2GuutL0RdbSiIak9v7dfM\"",
      "resourceId": "68318800-780",
      "resourceName": "A4",
      "generatedResourceName": "DE-0-A4 (75)",
      "resourceEmail": "esi.dz_36383331383830302d373830@resource.calendar.google.com",
      "capacity": 75,
      "buildingId": "Direction-des-études",
      "floorName": "0",
      "resourceCategory": "CONFERENCE_ROOM"
    },
    {
      "kind": "admin#directory#resources#calendars#CalendarResource",
      "etags": "\"rmixSMNjMOxgmLBBZPbjwaNSGuVQmD0eN2juDKNff9g/8YMy4v9Gg2nAKN776W6h4tu_YZQ\"",
      "resourceId": "7154176109",
      "resourceName": "Salle 1er étage",
      "generatedResourceName": "BIB-0-Salle 1er étage (30)",
      "resourceEmail": "esi.dz_37313534313736313039@resource.calendar.google.com",
      "capacity": 30,
      "buildingId": "Bibliothèque",
      "floorName": "0",
      "resourceCategory": "CONFERENCE_ROOM"
    },
    {
      "kind": "admin#directory#resources#calendars#CalendarResource",
      "etags": "\"rmixSMNjMOxgmLBBZPbjwaNSGuVQmD0eN2juDKNff9g/6X99wrSXzY0RcfvbL1P_ELUDAqY\"",
      "resourceId": "74861546802",
      "resourceName": "Local ETIC",
      "generatedResourceName": "Clubs-1-Local ETIC (40)",
      "resourceEmail": "esi.dz_3734383631353436383032@resource.calendar.google.com",
      "capacity": 40,
      "buildingId": "Clubs",
      "floorName": "1",
      "resourceCategory": "CONFERENCE_ROOM"
    },
    {
      "kind": "admin#directory#resources#calendars#CalendarResource",
      "etags": "\"rmixSMNjMOxgmLBBZPbjwaNSGuVQmD0eN2juDKNff9g/pYWWhi50NwP2bq8YWVDM-sgBVfo\"",
      "resourceId": "88550225863",
      "resourceName": "Salle de réunion LMCS",
      "generatedResourceName": "Laboratoire-2-Salle de réunion LMCS (30)",
      "resourceEmail": "esi.dz_3838353530323235383633@resource.calendar.google.com",
      "capacity": 30,
      "buildingId": "Laboratoire",
      "floorName": "2",
      "resourceCategory": "CONFERENCE_ROOM"
    },
    {
      "kind": "admin#directory#resources#calendars#CalendarResource",
      "etags": "\"rmixSMNjMOxgmLBBZPbjwaNSGuVQmD0eN2juDKNff9g/B38FmbAi8KslnEVJU5z_XIaMLbk\"",
      "resourceId": "93194414856",
      "resourceName": "Local GDG",
      "generatedResourceName": "Clubs-1-Local GDG (40)",
      "resourceEmail": "esi.dz_3933313934343134383536@resource.calendar.google.com",
      "capacity": 40,
      "buildingId": "Clubs",
      "floorName": "1",
      "resourceCategory": "CONFERENCE_ROOM"
    },
    {
      "kind": "admin#directory#resources#calendars#CalendarResource",
      "etags": "\"rmixSMNjMOxgmLBBZPbjwaNSGuVQmD0eN2juDKNff9g/dt_1wJafzaismet5Ic3gDM14xDA\"",
      "resourceId": "934105800",
      "resourceName": "Salle formation 1",
      "generatedResourceName": "Auditorium-1-Salle formation 1 (30)",
      "resourceEmail": "esi.dz_393334313035383030@resource.calendar.google.com",
      "capacity": 30,
      "buildingId": "Auditorium",
      "floorName": "1",
      "resourceCategory": "CONFERENCE_ROOM"
    },
    {
      "kind": "admin#directory#resources#calendars#CalendarResource",
      "etags": "\"rmixSMNjMOxgmLBBZPbjwaNSGuVQmD0eN2juDKNff9g/6XwPfedgR4hF511bvke0IuHO-mM\"",
      "resourceId": "93485993233",
      "resourceName": "Visio",
      "generatedResourceName": "DG-0-Visio (30)",
      "resourceEmail": "esi.dz_3933343835393933323333@resource.calendar.google.com",
      "capacity": 30,
      "buildingId": "Direction-générale",
      "floorName": "0",
      "resourceCategory": "CONFERENCE_ROOM"
    },
    {
      "kind": "admin#directory#resources#calendars#CalendarResource",
      "etags": "\"rmixSMNjMOxgmLBBZPbjwaNSGuVQmD0eN2juDKNff9g/VdtyPPtIMzujDEveYqU1eS7dPnE\"",
      "resourceId": "96653961517",
      "resourceName": "RES",
      "generatedResourceName": "DPGR-1-RES (40)",
      "resourceEmail": "esi.dz_3936363533393631353137@resource.calendar.google.com",
      "capacity": 40,
      "buildingId": "DPGR",
      "floorName": "1",
      "resourceCategory": "CONFERENCE_ROOM"
    },
    {
      "kind": "admin#directory#resources#calendars#CalendarResource",
      "etags": "\"rmixSMNjMOxgmLBBZPbjwaNSGuVQmD0eN2juDKNff9g/cWRHIF9SBIuyeuKLXDXdGn1TgLI\"",
      "resourceId": "98334406554",
      "resourceName": "CYB",
      "generatedResourceName": "DE-0-CYB (75)",
      "resourceEmail": "esi.dz_3938333334343036353534@resource.calendar.google.com",
      "capacity": 75,
      "buildingId": "Direction-des-études",
      "floorName": "0",
      "resourceCategory": "CONFERENCE_ROOM"
    }
  ]
}
